first_name,last_name,user_email,user_address,user_city,user_state,user_zip,user_phone
Valma,Dredge,vdredge0@instagram.com,7 Redwing Road,Columbia,SC,29215,803-872-5270
Wilt,Fuzzens,wfuzzens1@reverbnation.com,68564 Express Pass,Dallas,TX,75367,214-685-3418
Sibylla,McRobbie,smcrobbie2@howstuffworks.com,821 Crowley Lane,Madison,WI,53705,608-945-7088
Giusto,Paten,gpaten3@google.com.au,73104 Homewood Park,Tulsa,OK,74141,918-728-6006
Andria,Teaz,ateaz4@sphinn.com,45 Pepper Wood Hill,Mobile,AL,36610,251-292-0749
Roy,Glasser,rglasser5@ucoz.com,33800 Kropf Plaza,Oakland,CA,94605,510-315-6155
Bonni,Roose,broose6@bluehost.com,69171 Sage Alley,Gastonia,NC,28055,704-849-2868
Marnie,Lints,mlints7@soundcloud.com,56 Everett Alley,Oklahoma City,OK,73114,405-677-4809
Randee,Casterot,rcasterot8@discuz.net,39975 Waxwing Hill,Nashville,TN,37220,615-262-4004
Dorene,Iannazzi,diannazzi9@ebay.com,3 Waywood Crossing,Watertown,MA,02472,978-331-5732
